amount_match,is_allowable,budget_category,amount_requested,line_description,application_id,reviewer_notes,id,created_date,updated_date,created_by_id,created_by,is_sample
"28000","true","Equipment","280000","HVAC system replacement and electrical panel upgrade","6a075bd4302c4d3a31ab2ef3","","6a075be5302c4d3a31ab2f07","2026-05-15T17:46:13.887000","2026-05-15T17:46:13.887000","69fe0ba7b68d9b12e3d6f2f6","martlaur85@gmail.com","false"
"14500","true","Equipment","145000","Secure communications and network infrastructure","6a075bd4302c4d3a31ab2ef3","","6a075be5302c4d3a31ab2f08","2026-05-15T17:46:13.887000","2026-05-15T17:46:13.887000","69fe0ba7b68d9b12e3d6f2f6","martlaur85@gmail.com","false"
"0","true","Equipment","380000","P25 Phase 2 digital radio units (200 units)","6a075bd4302c4d3a31ab2ef4","","6a075be5302c4d3a31ab2f09","2026-05-15T17:46:13.887000","2026-05-15T17:46:13.887000","69fe0ba7b68d9b12e3d6f2f6","martlaur85@gmail.com","false"
"12000","true","Equipment","120000","Tower modifications and site survey costs","6a075bd4302c4d3a31ab2ef4","","6a075be5302c4d3a31ab2f0a","2026-05-15T17:46:13.887000","2026-05-15T17:46:13.887000","69fe0ba7b68d9b12e3d6f2f6","martlaur85@gmail.com","false"
"44000","true","Training","80000","P25 operator training for 150 first responders","6a075bd4302c4d3a31ab2ef4","","6a075be5302c4d3a31ab2f0b","2026-05-15T17:46:13.887000","2026-05-15T17:46:13.887000","69fe0ba7b68d9b12e3d6f2f6","martlaur85@gmail.com","false"
"62500","true","Personnel","125000","EM Director, Deputy Director, and Admin staff salaries (annual pro-rate)","6a075bd4302c4d3a31ab2ef5","","6a075be5302c4d3a31ab2f0c","2026-05-15T17:46:13.887000","2026-05-15T17:46:13.887000","69fe0ba7b68d9b12e3d6f2f6","martlaur85@gmail.com","false"
"17500","true","Planning","35000","Hazard Mitigation Plan update and county risk assessment","6a075bd4302c4d3a31ab2ef5","","6a075be5302c4d3a31ab2f0d","2026-05-15T17:46:13.887000","2026-05-15T17:46:13.887000","69fe0ba7b68d9b12e3d6f2f6","martlaur85@gmail.com","false"
"17500","true","Training","35000","Quarterly exercises and drills (4 exercises)","6a075bd4302c4d3a31ab2ef5","","6a075be5302c4d3a31ab2f0e","2026-05-15T17:46:13.887000","2026-05-15T17:46:13.887000","69fe0ba7b68d9b12e3d6f2f6","martlaur85@gmail.com","false"
"10000","true","Other","20000","Mutual aid coordination and emergency operations support","6a075bd4302c4d3a31ab2ef5","","6a075be5302c4d3a31ab2f0f","2026-05-15T17:46:13.887000","2026-05-15T17:46:13.887000","69fe0ba7b68d9b12e3d6f2f6","martlaur85@gmail.com","false"
"21000","true","Equipment","210000","Hazmat detection and response equipment","6a075bd4302c4d3a31ab2ef6","","6a075be5302c4d3a31ab2f10","2026-05-15T17:46:13.887000","2026-05-15T17:46:13.887000","69fe0ba7b68d9b12e3d6f2f6","martlaur85@gmail.com","false"
"10000","true","Training","110000","Specialized hazmat technician training (30 personnel)","6a075bd4302c4d3a31ab2ef6","","6a075be5302c4d3a31ab2f11","2026-05-15T17:46:13.887000","2026-05-15T17:46:13.887000","69fe0ba7b68d9b12e3d6f2f6","martlaur85@gmail.com","false"
"22000","true","Contractual","25000","Exercise facilitation and AAR/IP development contractor","6a072ed0174b54c61390121f","","6a072eea174b54c61390122a","2026-05-15T14:34:18.747000","2026-05-15T14:34:18.747000","69fe0ba7b68d9b12e3d6f2f6","martlaur85@gmail.com","false"
"62500","true","Personnel","125000","EM Director and two Program Coordinator salaries and benefits (pro-rated)","6a072ed0174b54c613901220","","6a072eea174b54c61390122b","2026-05-15T14:34:18.747000","2026-05-15T14:34:18.747000","69fe0ba7b68d9b12e3d6f2f6","martlaur85@gmail.com","false"
"14000","true","Planning","28000","EOP revision, COOP plan update, hazard mitigation plan review","6a072ed0174b54c613901220","","6a072eea174b54c61390122c","2026-05-15T14:34:18.747000","2026-05-15T14:34:18.747000","69fe0ba7b68d9b12e3d6f2f6","martlaur85@gmail.com","false"
"9000","true","Training","18000","NIMS/ICS training delivery and statewide exercise participation costs","6a072ed0174b54c613901220","","6a072eea174b54c61390122d","2026-05-15T14:34:18.747000","2026-05-15T14:34:18.747000","69fe0ba7b68d9b12e3d6f2f6","martlaur85@gmail.com","false"
"7000","true","Other","14000","EOC operational costs, communications system maintenance, program administration","6a072ed0174b54c613901220","","6a072eea174b54c61390122e","2026-05-15T14:34:18.747000","2026-05-15T14:34:18.747000","69fe0ba7b68d9b12e3d6f2f6","martlaur85@gmail.com","false"
"0","true","Equipment","195000","CBRNE detection equipment (multi-gas detectors, radiation pagers, chemical agent detectors)","6a072ed0174b54c61390121f","","6a072eea174b54c613901227","2026-05-15T14:34:18.746000","2026-05-15T14:34:18.746000","69fe0ba7b68d9b12e3d6f2f6","martlaur85@gmail.com","false"
"5800","true","Training","58000","Specialized CBRNE training for 40 first responders — detection and response operations","6a072ed0174b54c61390121f","","6a072eea174b54c613901228","2026-05-15T14:34:18.746000","2026-05-15T14:34:18.746000","69fe0ba7b68d9b12e3d6f2f6","martlaur85@gmail.com","false"
"3200","true","Planning","32000","Regional CBRNE response plan development and exercise design","6a072ed0174b54c61390121f","","6a072eea174b54c613901229","2026-05-15T14:34:18.746000","2026-05-15T14:34:18.746000","69fe0ba7b68d9b12e3d6f2f6","martlaur85@gmail.com","false"
"34000","true","Equipment","340000","P25-compliant portable and mobile radios","6a0210609f78b27b0b54cdc8","","6a0210989f78b27b0b54cdf1","2026-05-11T17:23:36.413000","2026-05-11T17:23:36.413000","69cd7613124bb9f9f18be5ab","lauren.martin29@gmail.com","false"
"4000","true","Contractual","40000","Gateway installation contractor services","6a0210609f78b27b0b54cdc8","","6a0210989f78b27b0b54cdf4","2026-05-11T17:23:36.413000","2026-05-11T17:23:36.413000","69cd7613124bb9f9f18be5ab","lauren.martin29@gmail.com","false"
"19200","true","Equipment","192000","Interoperability gateway equipment - 12 sites","6a0210609f78b27b0b54cdc8","","6a0210989f78b27b0b54cdf2","2026-05-11T17:23:36.413000","2026-05-11T17:23:36.413000","69cd7613124bb9f9f18be5ab","lauren.martin29@gmail.com","false"
"1000","true","Personnel","25000","HAZMAT program coordinator (partial year)","6a0210609f78b27b0b54cdc7","","6a0210989f78b27b0b54cdf0","2026-05-11T17:23:36.413000","2026-05-11T17:23:36.413000","69cd7613124bb9f9f18be5ab","lauren.martin29@gmail.com","false"
"65000","true","Personnel","130000","EM Director and deputy salary/benefits","6a0210609f78b27b0b54cdc9","","6a0210989f78b27b0b54cdf5","2026-05-11T17:23:36.413000","2026-05-11T17:23:36.413000","69cd7613124bb9f9f18be5ab","lauren.martin29@gmail.com","false"
"12500","true","Training","25000","NIMS/ICS training and exercise delivery","6a0210609f78b27b0b54cdc9","","6a0210989f78b27b0b54cdf7","2026-05-11T17:23:36.413000","2026-05-11T17:23:36.413000","69cd7613124bb9f9f18be5ab","lauren.martin29@gmail.com","false"
"7500","true","Other","15000","EOC operational costs and program administration","6a0210609f78b27b0b54cdc9","","6a0210989f78b27b0b54cdf8","2026-05-11T17:23:36.413000","2026-05-11T17:23:36.413000","69cd7613124bb9f9f18be5ab","lauren.martin29@gmail.com","false"
"7800","true","Training","78000","Dispatcher and first responder P25 protocol training","6a0210609f78b27b0b54cdc8","","6a0210989f78b27b0b54cdf3","2026-05-11T17:23:36.413000","2026-05-11T17:23:36.413000","69cd7613124bb9f9f18be5ab","lauren.martin29@gmail.com","false"
"25000","true","Equipment","250000","HAZMAT detection equipment and PPE for 6 regional teams","6a0210609f78b27b0b54cdc7","","6a0210989f78b27b0b54cded","2026-05-11T17:23:36.413000","2026-05-11T17:23:36.413000","69cd7613124bb9f9f18be5ab","lauren.martin29@gmail.com","false"
"5500","true","Planning","55000","Statewide HAZMAT exercise design, conduct, and AAR","6a0210609f78b27b0b54cdc7","","6a0210989f78b27b0b54cdef","2026-05-11T17:23:36.413000","2026-05-11T17:23:36.413000","69cd7613124bb9f9f18be5ab","lauren.martin29@gmail.com","false"
"20000","true","Planning","40000","EOP update and hazard mitigation plan revision","6a0210609f78b27b0b54cdc9","","6a0210989f78b27b0b54cdf6","2026-05-11T17:23:36.413000","2026-05-11T17:23:36.413000","69cd7613124bb9f9f18be5ab","lauren.martin29@gmail.com","false"
"9000","true","Training","90000","Advanced HAZMAT operations training - 6 regional sites","6a0210609f78b27b0b54cdc7","","6a0210989f78b27b0b54cdee","2026-05-11T17:23:36.413000","2026-05-11T17:23:36.413000","69cd7613124bb9f9f18be5ab","lauren.martin29@gmail.com","false"
"14500","true","Equipment","145000","Common Operating Picture (COP) system hardware and software","6a01c94a62c4a2cbad8c59b4","","6a020f9eaa1715a0ea159d5c","2026-05-11T17:19:26.531000","2026-05-11T17:19:26.531000","69cd7613124bb9f9f18be5ab","lauren.martin29@gmail.com","false"
"3500","true","Training","35000","EOC staff training on updated protocols and COP system","6a01c94a62c4a2cbad8c59b4","","6a020f9eaa1715a0ea159d5e","2026-05-11T17:19:26.531000","2026-05-11T17:19:26.531000","69cd7613124bb9f9f18be5ab","lauren.martin29@gmail.com","false"
"17500","true","Planning","35000","EOP update, hazard mitigation plan revision, continuity planning","6a01c94a62c4a2cbad8c59b6","","6a020f9eaa1715a0ea159d65","2026-05-11T17:19:26.531000","2026-05-11T17:19:26.531000","69cd7613124bb9f9f18be5ab","lauren.martin29@gmail.com","false"
"18000","true","Equipment","180000","MCI triage kits, stretchers, and medical equipment","6a01c94a62c4a2cbad8c59b3","","6a020f9eaa1715a0ea159d58","2026-05-11T17:19:26.531000","2026-05-11T17:19:26.531000","69cd7613124bb9f9f18be5ab","lauren.martin29@gmail.com","false"
"4000","true","Training","40000","Security protocol and monitoring system training","6a01c94a62c4a2cbad8c59b5","","6a020f9eaa1715a0ea159d62","2026-05-11T17:19:26.531000","2026-05-11T17:19:26.531000","69cd7613124bb9f9f18be5ab","lauren.martin29@gmail.com","false"
"4000","true","Planning","40000","Physical security assessments and risk analysis","6a01c94a62c4a2cbad8c59b5","","6a020f9eaa1715a0ea159d63","2026-05-11T17:19:26.531000","2026-05-11T17:19:26.531000","69cd7613124bb9f9f18be5ab","lauren.martin29@gmail.com","false"
"3000","true","Personnel","30000","Program coordinator salary and benefits (partial)","6a01c94a62c4a2cbad8c59b3","","6a020f9eaa1715a0ea159d5b","2026-05-11T17:19:26.531000","2026-05-11T17:19:26.531000","69cd7613124bb9f9f18be5ab","lauren.martin29@gmail.com","false"
"12000","true","Equipment","120000","Access control hardware and biometric readers","6a01c94a62c4a2cbad8c59b5","","6a020f9eaa1715a0ea159d61","2026-05-11T17:19:26.531000","2026-05-11T17:19:26.531000","69cd7613124bb9f9f18be5ab","lauren.martin29@gmail.com","false"
"20000","true","Equipment","200000","HD surveillance camera systems for 6 CI locations","6a01c94a62c4a2cbad8c59b5","","6a020f9eaa1715a0ea159d60","2026-05-11T17:19:26.531000","2026-05-11T17:19:26.531000","69cd7613124bb9f9f18be5ab","lauren.martin29@gmail.com","false"
"7500","true","Other","15000","Program administration and management costs","6a01c94a62c4a2cbad8c59b6","","6a020f9eaa1715a0ea159d67","2026-05-11T17:19:26.531000","2026-05-11T17:19:26.531000","69cd7613124bb9f9f18be5ab","lauren.martin29@gmail.com","false"
"2500","true","Personnel","25000","IT coordinator support (partial year)","6a01c94a62c4a2cbad8c59b4","","6a020f9eaa1715a0ea159d5f","2026-05-11T17:19:26.531000","2026-05-11T17:19:26.531000","69cd7613124bb9f9f18be5ab","lauren.martin29@gmail.com","false"
"8000","true","Contractual","80000","Network infrastructure upgrades - contracted installation","6a01c94a62c4a2cbad8c59b4","","6a020f9eaa1715a0ea159d5d","2026-05-11T17:19:26.531000","2026-05-11T17:19:26.531000","69cd7613124bb9f9f18be5ab","lauren.martin29@gmail.com","false"
"7500","true","Training","75000","First responder MCI training across 8 agencies","6a01c94a62c4a2cbad8c59b3","","6a020f9eaa1715a0ea159d59","2026-05-11T17:19:26.531000","2026-05-11T17:19:26.531000","69cd7613124bb9f9f18be5ab","lauren.martin29@gmail.com","false"
"5500","true","Planning","55000","Exercise design, conduct, and AAR documentation","6a01c94a62c4a2cbad8c59b3","","6a020f9eaa1715a0ea159d5a","2026-05-11T17:19:26.531000","2026-05-11T17:19:26.531000","69cd7613124bb9f9f18be5ab","lauren.martin29@gmail.com","false"
"47500","true","Personnel","95000","Emergency Management Director salary and benefits","6a01c94a62c4a2cbad8c59b6","","6a020f9eaa1715a0ea159d64","2026-05-11T17:19:26.531000","2026-05-11T17:19:26.531000","69cd7613124bb9f9f18be5ab","lauren.martin29@gmail.com","false"
"12500","true","Training","25000","NIMS/ICS training courses and exercise delivery","6a01c94a62c4a2cbad8c59b6","","6a020f9eaa1715a0ea159d66","2026-05-11T17:19:26.531000","2026-05-11T17:19:26.531000","69cd7613124bb9f9f18be5ab","lauren.martin29@gmail.com","false"
"0","true","Equipment","0","","69f2611c8299dcfe5024e09f","","69f2613ac70f248319a53052","2026-04-29T19:51:22.582000","2026-04-29T19:51:54.803000","69cd7613124bb9f9f18be5ab","lauren.martin29@gmail.com","false"
"0","true","Other","0","","69f2611c8299dcfe5024e09f","","69f2613a9a06441b66ca69fa","2026-04-29T19:51:22.442000","2026-04-29T19:51:54.569000","69cd7613124bb9f9f18be5ab","lauren.martin29@gmail.com","false"
"0","true","Training","0","","69f2611c8299dcfe5024e09f","","69f2613a952dbfa0e2dca25a","2026-04-29T19:51:22.315000","2026-04-29T19:51:54.402000","69cd7613124bb9f9f18be5ab","lauren.martin29@gmail.com","false"
"0","true","Contractual","0","","69f2611c8299dcfe5024e09f","","69f2613a62b43321d1b36d92","2026-04-29T19:51:22.187000","2026-04-29T19:51:54.267000","69cd7613124bb9f9f18be5ab","lauren.martin29@gmail.com","false"
"2000","true","Training","20000","1 FSE","69f24d67f80807f88f79e30a","","69f24d8cd8da94d077926c26","2026-04-29T18:27:24.587000","2026-04-29T18:27:34.084000","69cd7613124bb9f9f18be5ab","lauren.martin29@gmail.com","false"
"5000","true","Personnel","50000","1 FT Employee","69f24d67f80807f88f79e30a","","69f24d8cc5e5b1bb5fcfbe81","2026-04-29T18:27:24.458000","2026-04-29T18:27:33.937000","69cd7613124bb9f9f18be5ab","lauren.martin29@gmail.com","false"
"45000","true","Equipment","450000","Test","69cd99a4b41e5356be7b5c4b","","69cd99a44809bcb1180a116b","2026-04-01T22:18:12.605000","2026-04-01T22:18:19.809000","69cd7613124bb9f9f18be5ab","lauren.martin29@gmail.com","false"
"5000","true","Personnel","50000","Test","69cd99a4b41e5356be7b5c4b","","69cd99a45f7909e4aa658059","2026-04-01T22:18:12.454000","2026-04-01T22:18:19.943000","69cd7613124bb9f9f18be5ab","lauren.martin29@gmail.com","false"
"45000","true","Equipment","450000","Test","69cd8225975992b7f13eb52e","","69cd82987588c11b9935572b","2026-04-01T20:39:52.124000","2026-04-01T20:41:58.610000","69cd7613124bb9f9f18be5ab","lauren.martin29@gmail.com","false"
"5000","true","Personnel","50000","Test","69cd8225975992b7f13eb52e","","69cd8298760825d00762ff28","2026-04-01T20:39:52","2026-04-01T20:41:58.769000","69cd7613124bb9f9f18be5ab","lauren.martin29@gmail.com","false"
"12500","true","Equipment","125000","P25 Phase II portable radios (qty 50)","69cd78a1276f3069e72bfa57","","69cd78be276f3069e72bfa68","2026-04-01T19:57:50.892000","2026-04-01T19:57:50.892000","69cd7613124bb9f9f18be5ab","lauren.martin29@gmail.com","false"
"8500","true","Equipment","85000","P25 repeater infrastructure upgrade","69cd78a1276f3069e72bfa57","","69cd78be276f3069e72bfa69","2026-04-01T19:57:50.892000","2026-04-01T19:57:50.892000","69cd7613124bb9f9f18be5ab","lauren.martin29@gmail.com","false"
"4500","true","Personnel","45000","Project coordinator (12 months, 0.5 FTE)","69cd78a1276f3069e72bfa57","","69cd78be276f3069e72bfa6a","2026-04-01T19:57:50.892000","2026-04-01T19:57:50.892000","69cd7613124bb9f9f18be5ab","lauren.martin29@gmail.com","false"
"2000","true","Training","20000","P25 system operator training for 30 personnel","69cd78a1276f3069e72bfa57","","69cd78be276f3069e72bfa6b","2026-04-01T19:57:50.892000","2026-04-01T19:57:50.892000","69cd7613124bb9f9f18be5ab","lauren.martin29@gmail.com","false"
"9500","true","Personnel","95000","Exercise coordinator (12 months)","69cd78a1276f3069e72bfa58","","69cd78be276f3069e72bfa6c","2026-04-01T19:57:50.892000","2026-04-01T19:57:50.892000","69cd7613124bb9f9f18be5ab","lauren.martin29@gmail.com","false"
"18500","true","Contractual","185000","Training facility rental and contractor support","69cd78a1276f3069e72bfa58","","69cd78be276f3069e72bfa6d","2026-04-01T19:57:50.892000","2026-04-01T19:57:50.892000","69cd7613124bb9f9f18be5ab","lauren.martin29@gmail.com","false"
"6000","true","Training","60000","Multi-agency tabletop and functional exercises","69cd78a1276f3069e72bfa58","","69cd78be276f3069e72bfa6e","2026-04-01T19:57:50.892000","2026-04-01T19:57:50.892000","69cd7613124bb9f9f18be5ab","lauren.martin29@gmail.com","false"
"12000","true","Planning","120000","After-action reports and improvement plans","69cd78a1276f3069e72bfa58","","69cd78be276f3069e72bfa6f","2026-04-01T19:57:50.892000","2026-04-01T19:57:50.892000","69cd7613124bb9f9f18be5ab","lauren.martin29@gmail.com","false"
"2000","true","Travel","20000","Travel for multi-jurisdictional coordination meetings","69cd78a1276f3069e72bfa58","","69cd78be276f3069e72bfa70","2026-04-01T19:57:50.892000","2026-04-01T19:57:50.892000","69cd7613124bb9f9f18be5ab","lauren.martin29@gmail.com","false"