summary,open_date,close_date,evaluation_criteria,reviewed_by,allowable_costs,min_award,program_id,program_name,max_award,title,grant_number,override_org_ids,program_code,scoring_enabled,required_template_ids,scope_states,required_documents,eligible_org_types,total_funding_available,eligibility_criteria,published_at,status,id,created_date,updated_date,created_by_id,created_by,is_sample
"Test ","2026-05-08","2026-12-26","Test ","","Test","500000","69cd7871276f3069e72bfa3d","Emergency Management Performance Grant","250000","FY2025 EMPG","Test ","[]","EMPG","true","[]","[]","[{""name"":""COOP Plan"",""mandatory"":true}]","[""County"",""Municipality""]","250000000","Test ","2026-05-08T17:04:14.745Z","Published","69fe177ce66a95f9e3593afd","2026-05-08T17:03:56.291000","2026-05-11T17:55:58.066000","69cd7613124bb9f9f18be5ab","lauren.martin29@gmail.com","false"
"Awarded $50,000.  ","2026-07-01","2027-06-30","",""," EMPG funds support efforts to build and sustain core capabilities across all mission areas — Prevention, Protection, Mitigation, Response, and Recovery .
These broad categories include:
- Personnel — salaries and benefits for emergency management staff whose work supports preparedness and program implementation.
- Planning — development, review, and revision of EOPs, hazard mitigation plans, continuity plans, and related preparedness documents.
- Training — delivery and participation in emergency management and NIMS/ICS training.
- Exercises — design, conduct, evaluation, and improvement planning for exercises.
- Equipment — limited to items that directly support emergency management operations and preparedness (not response‑only equipment).
- Operational costs — communications systems, EOC operations, public preparedness outreach, and program administration.
","150000","69cd7871276f3069e72bfa3d","Emergency Management Performance Grant","10000000","FY2026 EMPG","","","EMPG","","","","[{""name"":""EOP"",""mandatory"":true},{""name"":""Training & Exercise Records"",""mandatory"":true},{""name"":""Employee Time & Attendance"",""mandatory"":true}]","","50000000","At the local level, states typically require municipalities to meet specific operational and compliance standards to receive EMPG pass‑through funding. For example, Connecticut’s state-level criteria (representative of common requirements nationally) include:
- Officially appointed Emergency Management Director (EMD).
- Current Local Emergency Operations Plan (LEOP) updated every two years and signed by the EMD and Chief Executive Officer.
- Participation in statewide communication systems, such as high‑band radio networks and quarterly radio tests.
- Active use of WebEOC for situational awareness and reporting.
- 24/7 contact information provided to the state regional coordinator.
- Participation in required statewide exercises, such as annual EPPI exercises.
","2026-04-29T18:25:29.200Z","Published","69f24cf81a3cb84318c77db2","2026-04-29T18:24:56.826000","2026-04-29T18:25:29.251000","69cd7613124bb9f9f18be5ab","lauren.martin29@gmail.com","false"
"The State and Local Cybersecurity Grant Program provides funding to address cybersecurity risks and cybersecurity threats to information systems owned or operated by state, local, and tribal governments.","","","","","","25000","69cd7871276f3069e72bfa3f","State and Local Cybersecurity Grant Program","300000","FY2025 SLCGP Cybersecurity Grant","","","SLCGP","","","","[{""name"":""Cybersecurity Plan"",""mandatory"":true},{""name"":""Risk Assessment"",""mandatory"":true},{""name"":""Budget Narrative"",""mandatory"":true}]","","1200000","","","Draft","69cd7888276f3069e72bfa4d","2026-04-01T19:56:56.624000","2026-04-29T19:50:10.033000","69cd7613124bb9f9f18be5ab","lauren.martin29@gmail.com","false"
"The FY2025 SHSP provides funding to support state and local efforts to prevent terrorism and other catastrophic events and to prepare the Nation for the threats and hazards that pose the greatest risk.","2025-03-01","2025-05-15","Applications will be evaluated based on: alignment with THIRA/SPR gaps (30%), project feasibility and impact (25%), budget reasonableness (20%), organizational capacity (15%), sustainability (10%)","","Equipment, Training, Exercises, Planning, Personnel, Management and Administration","25000","69cd7871276f3069e72bfa3b","State Homeland Security Program","500000","FY2025 State Homeland Security Program (SHSP) NOFO","","","SHSP","","","","[{""name"":""Project Narrative"",""mandatory"":true},{""name"":""Budget Narrative"",""mandatory"":true},{""name"":""Work Plan"",""mandatory"":true},{""name"":""Risk Assessment"",""mandatory"":true},{""name"":""Authorization Letter"",""mandatory"":true}]","","2500000","All counties, municipalities, and tribal organizations within the state are eligible to apply.","2025-03-01T12:00:00Z","Published","69cd7888276f3069e72bfa4b","2026-04-01T19:56:56.623000","2026-04-01T19:56:56.623000","69cd7613124bb9f9f18be5ab","lauren.martin29@gmail.com","false"
"The FY2025 Urban Areas Security Initiative provides funding to address the unique planning, operations, equipment, training, and exercise needs of the Cook County Urban Area.","2025-02-15","2025-04-30","Applications evaluated on: critical infrastructure protection (30%), interoperable communications (25%), CBRNE detection capabilities (20%), information sharing (15%), budget justification (10%)","","Equipment, Training, Exercises, Planning, Personnel, Management and Administration, Contractual Services","50000","69cd7871276f3069e72bfa3c","Urban Areas Security Initiative","750000","FY2025 UASI Cook County NOFO","","","UASI","","","","[{""name"":""Project Narrative"",""mandatory"":true},{""name"":""Budget Narrative"",""mandatory"":true},{""name"":""Investment Justification"",""mandatory"":true}]","","3750000","Cook County jurisdictions and designated urban area partners.","2025-02-15T12:00:00Z","Published","69cd7888276f3069e72bfa4c","2026-04-01T19:56:56.623000","2026-04-01T19:56:56.623000","69cd7613124bb9f9f18be5ab","lauren.martin29@gmail.com","false"